EVENT_ID,BEGIN_DATE,BEGIN_TIME,EVENT_TYPE,DEATHS_DIRECT,DAMAGE_PROPERTY_NUM,STATE_ABBR,CZ_TIMEZONE,SOURCE,FLOOD_CAUSE,BEGIN_AZIMUTH,END_AZIMUTH,BEGIN_LOCATION,END_LOCATION,BEGIN_LAT,BEGIN_LON,END_LAT,END_LON
569560,4/11/2015,1810,Flash Flood,0,0,TX,CST-6,Public,Heavy Rain,W,NE,LAREDO AFB,LAREDO,27.53,-99.49,27.5522,-99.4682
574202,4/22/2015,1300,Flash Flood,0,0,TX,CST-6,Emergency Manager,Heavy Rain,S,SSE,FLOUR BLUFF JCT,PEARY PLACE,27.6472,-97.2818,27.6507,-97.3083
574160,4/22/2015,1212,Flash Flood,0,0,TX,CST-6,Fire Department/Rescue,Heavy Rain,NNE,NNW,ROBSTOWN,ROBSTOWN CO ARPT,27.8,-97.66,27.8103,-97.6952
573952,4/22/2015,1245,Flash Flood,0,0,TX,CST-6,Emergency Manager,Heavy Rain,N,WNW,CORPUS CHRISTI,HIGHWAY VLG,27.8,-97.42,27.8064,-97.4803
569744,4/14/2015,610,Flash Flood,0,0,TX,CST-6,Law Enforcement,Heavy Rain,ESE,N,NUECEVILLE,CLARKWOOD,27.8274,-97.5747,27.7942,-97.527
574199,4/22/2015,1305,Flash Flood,0,0,TX,CST-6,Public,Heavy Rain,W,SSE,PORT ARANSAS,PORT ARANSAS,27.83,-97.08,27.8222,-97.0654
569742,4/14/2015,600,Flash Flood,0,0,TX,CST-6,Law Enforcement,Heavy Rain,SSW,WSW,LA ROSE,LON HILL,27.8452,-97.7419,27.8315,-97.6841
569740,4/14/2015,555,Flash Flood,0,0,TX,CST-6,Trained Spotter,Heavy Rain,S,WNW,CALALLEN,ANNAVILLE,27.86,-97.63,27.8628,-97.6022
569745,4/14/2015,600,Flash Flood,0,5000,TX,CST-6,Trained Spotter,Heavy Rain,ENE,ENE,PORTLAND,PORTLAND,27.8749,-97.3167,27.8877,-97.2946
569749,4/14/2015,600,Flash Flood,0,0,TX,CST-6,Department of Highways,Heavy Rain,W,WNW,PORTLAND HUNT ARPT,PORTLAND HUNT ARPT,27.8766,-97.393,27.8947,-97.4099
573943,4/22/2015,1232,Flash Flood,0,0,TX,CST-6,NWS Employee,Heavy Rain,N,ENE,PORTLAND,PORTLAND,27.88,-97.33,27.8746,-97.3128
573877,4/18/2015,1420,Flash Flood,0,0,TX,CST-6,Amateur Radio,Heavy Rain,NE,NE,PORTLAND,PORTLAND,27.8838,-97.3088,27.8832,-97.311
574200,4/22/2015,1250,Flash Flood,0,0,TX,CST-6,Fire Department/Rescue,Heavy Rain,ENE,E,INGLESIDE,INGLESIDE,27.8847,-97.2043,27.8806,-97.1968
569550,4/1/2015,1940,Flash Flood,0,20000,TX,CST-6,Emergency Manager,Heavy Rain,N,NE,ORANGE GROVE NAF,ORANGE GROVE NAF,27.92,-98.07,27.9253,-98.0485
569548,4/1/2015,1830,Flash Flood,0,100000,TX,CST-6,Trained Spotter,Heavy Rain,SSE,NW,DILLWORTH,ALFRED,27.9501,-98.0401,27.9065,-97.9804
569747,4/14/2015,615,Flash Flood,0,0,TX,CST-6,Emergency Manager,Heavy Rain,N,WNW,ROCKPORT,ROCKPORT,28.04,-97.05,28.039,-97.0877
573886,4/18/2015,1300,Flash Flood,0,0,TX,CST-6,Trained Spotter,Heavy Rain,NNW,ENE,SKIDMORE,SKIDMORE,28.2718,-97.6891,28.2985,-97.5545
569646,4/12/2015,2320,Flash Flood,0,0,TX,CST-6,Law Enforcement,Heavy Rain,N,ESE,GEORGE WEST,GEORGE WEST,28.33,-98.12,28.3285,-98.1123
574210,4/22/2015,1530,Flash Flood,0,5000,TX,CST-6,Park/Forest Service,Heavy Rain,SW,SSW,GOLIAD,GOLIAD,28.6593,-97.3897,28.6507,-97.3917
574203,4/22/2015,1530,Flash Flood,0,0,TX,CST-6,CoCoRaHS,Heavy Rain,ENE,ESE,ANDER,ANDER,28.8626,-97.3224,28.8447,-97.3267
575466,4/14/2015,830,Flash Flood,0,0,TX,CST-6,Local Official,Heavy Rain,NNW,NNW,LAKE JACKSON,ROSS,29.0651,-95.456,29.0654,-95.4369
573366,4/17/2015,1830,Flash Flood,0,5000,TX,CST-6,Emergency Manager,Heavy Rain,NNE,SE,ROSS,ROSS,29.0683,-95.4254,29.037,-95.4158
571943,4/17/2015,1530,Flash Flood,0,30000,TX,CST-6,Law Enforcement,Heavy Rain,SSE,W,LABATT,FLORESVILLE,29.1807,-98.215,29.1306,-98.1992
571395,4/24/2015,618,Flash Flood,0,0,TX,CST-6,Fire Department/Rescue,Heavy Rain,SE,SSE,LYTLE,LYTLE,29.22,-98.79,29.2185,-98.7958
572611,4/12/2015,1745,Flash Flood,0,0,TX,CST-6,Law Enforcement,Heavy Rain,ENE,WNW,TEXAS CITY GULF ARPT,NADEAU HGTS,29.4082,-94.9358,29.3835,-94.9385
571396,4/24/2015,630,Flash Flood,0,0,TX,CST-6,Broadcast Media,Heavy Rain,ENE,ENE,(SKF)KELLY AFB SAN A,(SKF)KELLY AFB SAN A,29.41,-98.6,29.4064,-98.6007
573768,4/17/2015,1300,Flash Flood,0,1000,TX,CST-6,Emergency Manager,Heavy Rain,NNW,NNW,HUNGERFORD,HUNGERFORD,29.4249,-96.0965,29.4366,-96.0959
573368,4/17/2015,1900,Flash Flood,0,2000,TX,CST-6,NWS Employee,Heavy Rain,WNW,WNW,LEAGUE CITY S S ARPT,LEAGUE CITY S S ARPT,29.5131,-95.2159,29.5001,-95.2134
571438,4/25/2015,530,Flash Flood,0,0,TX,CST-6,Emergency Manager,Heavy Rain,E,ENE,CIBOLO KARDYS ARPT,CIBOLO KARDYS ARPT,29.57,-98.23,29.5769,-98.2309
563994,4/14/2015,1006,Flash Flood,0,0,LA,CST-6,Public,Heavy Rain,NNW,NNE,PRESQUE ISLE,HOUMA,29.586,-90.6544,29.6183,-90.7107
571434,4/25/2015,423,Flash Flood,0,0,TX,CST-6,Fire Department/Rescue,Heavy Rain,WSW,SW,BECKMANN,SAN ANTONIO,29.5921,-98.616,29.3991,-98.5089
573367,4/17/2015,1900,Flash Flood,0,8000,TX,CST-6,Emergency Manager,Heavy Rain,WNW,WSW,PEARLAND,PEARLAND ARPT,29.5938,-95.327,29.5347,-95.3236
571429,4/25/2015,400,Flash Flood,0,0,TX,CST-6,Amateur Radio,Heavy Rain,NE,SE,SEGUIN GUADALUPE ARP,GERONIMO,29.63,-97.94,29.6386,-97.9168
573365,4/17/2015,1700,Flash Flood,0,300000,TX,CST-6,Public,Heavy Rain,NE,NNE,LA PORTE,HOUSTON HGTS,29.677,-95.0118,29.7595,-95.3952
561401,4/16/2015,2201,Flash Flood,0,6000,TX,CST-6,Fire Department/Rescue,Heavy Rain,N,SE,SOUTH HOUSTON,SOUTH HOUSTON,29.6949,-95.2338,29.6675,-95.2261
564008,4/14/2015,1220,Flash Flood,1,0,LA,CST-6,Law Enforcement,Heavy Rain,N,SSE,RACELAND,LEWISTOWN,29.73,-90.6,29.7045,-90.6128
566900,4/14/2015,820,Flash Flood,0,0,LA,CST-6,Emergency Manager,Heavy Rain,NW,WNW,BAYOU SALE,ALBANIA,29.7355,-91.4554,30.0043,-91.89
571397,4/24/2015,636,Flash Flood,0,0,TX,CST-6,Department of Highways,Heavy Rain,NNE,NE,FENTRESS,FENTRESS,29.78,-97.75,29.7763,-97.7474
571938,4/17/2015,1420,Flash Flood,0,0,TX,CST-6,Law Enforcement,Heavy Rain,NW,W,MEDINA CIRCLE R ARPT,MEDINA,29.832,-99.2835,29.8,-99.2615
567078,4/16/2015,2157,Flash Flood,0,0,TX,CST-6,911 Call Center,Heavy Rain,ESE,SSE,FT ACRES,PORT NECHES,29.8818,-93.9874,29.9788,-93.9235
563984,4/14/2015,834,Flash Flood,0,0,LA,CST-6,Emergency Manager,Heavy Rain,N,NNE,LULING,BOUTTE,29.93,-90.35,29.9148,-90.3705
563996,4/14/2015,1025,Flash Flood,0,0,LA,CST-6,Broadcast Media,Heavy Rain,N,WSW,HARAHAN,HARAHAN,29.93,-90.2,29.9273,-90.2077
571394,4/24/2015,615,Flash Flood,0,0,TX,CST-6,Local Official,Heavy Rain,SW,SW,SMITHVILLE,SMITHVILLE,29.97,-97.2,29.9733,-97.1936
571937,4/17/2015,1200,Flash Flood,0,0,TX,CST-6,Public,Heavy Rain,NE,NE,CARTA VLY,CARTA VLY,29.9755,-100.5301,29.9745,-100.5301
566899,4/14/2015,759,Flash Flood,0,20000,LA,CST-6,Fire Department/Rescue,Heavy Rain,SSW,SE,NEW IBERIA ARPT,JEANERETTE ARPT,30.0064,-91.8897,29.7316,-91.4564
561403,4/16/2015,2020,Flash Flood,0,0,TX,CST-6,Law Enforcement,Heavy Rain,S,N,LIBERTY,MOSS BLUFF,30.05,-94.8,29.93,-94.77
563987,4/14/2015,834,Flash Flood,0,0,LA,CST-6,Emergency Manager,Heavy Rain,N,W,LA PLACE,LA PLACE,30.07,-90.48,30.0724,-90.4954
563997,4/14/2015,1045,Flash Flood,0,0,LA,CST-6,Emergency Manager,Heavy Rain,N,SSW,CHEF MENTEUR,SOUTH PT,30.07,-89.8,30.1131,-89.8908
563983,4/14/2015,745,Flash Flood,0,0,LA,CST-6,COOP Observer,Heavy Rain,W,NE,ABEN,DONALDSONVILLE,30.1006,-90.961,30.1074,-90.9912
567077,4/16/2015,2100,Flash Flood,0,0,TX,CST-6,NWS Employee,Heavy Rain,SE,WSW,LOEB,LOEB,30.1251,-94.124,30.1606,-94.2682
566160,4/10/2015,1351,Flash Flood,0,10000,LA,CST-6,NWS Employee,Heavy Rain,W,W,SILVERWOOD,SILVERWOOD,30.141,-93.1287,30.1006,-93.2132
563991,4/14/2015,956,Flash Flood,0,0,LA,CST-6,Trained Spotter,Heavy Rain,ESE,ENE,LAUREL RIDGE,WHITE CASTLE,30.1692,-91.1179,30.174,-91.1429
563979,4/14/2015,745,Flash Flood,0,0,LA,CST-6,NWS Employee,Heavy Rain,N,E,SLIDELL,NORTH SHORE,30.27,-89.78,30.2152,-89.792
571398,4/24/2015,800,Flash Flood,0,0,TX,CST-6,County Official,Heavy Rain,SE,NW,LOEBAU,LOEBAU,30.2702,-96.8867,30.2833,-96.9047
563989,4/14/2015,900,Flash Flood,0,0,MS,CST-6,Emergency Manager,Heavy Rain,N,SSW,WAVELAND,DIAMONDHEAD ARPT,30.28,-89.38,30.3635,-89.3717
559973,4/12/2015,1945,Flash Flood,0,200000,AL,CST-6,Law Enforcement,Heavy Rain,SW,SSW,HERON BAY,GRAND BAY,30.3257,-88.1598,30.3777,-88.3905
564002,4/14/2015,1128,Flash Flood,0,0,LA,CST-6,Law Enforcement,Heavy Rain,ESE,W,MANDEVILLE,LEWISBURG,30.348,-90.0505,30.3718,-90.1188
564028,4/15/2015,1257,Flash Flood,0,0,MS,CST-6,Emergency Manager,Heavy Rain,NNW,ENE,LONG BEACH,CUEVAS,30.3767,-89.1628,30.3799,-89.1908
563999,4/14/2015,1121,Flash Flood,0,0,MS,CST-6,Broadcast Media,Heavy Rain,WSW,SW,(BIX)KEESLER AFB BIL,(BIX)KEESLER AFB BIL,30.3924,-88.945,30.3933,-88.9296
563954,4/12/2015,1949,Flash Flood,0,0,MS,CST-6,Emergency Manager,Heavy Rain,ESE,SE,BILOXI,GULFPORT,30.3931,-88.8725,30.3635,-89.0648
563951,4/12/2015,1910,Flash Flood,0,0,MS,CST-6,Emergency Manager,Heavy Rain,E,SSE,BILOXI,GULFPORT,30.3967,-88.8725,30.3714,-89.0751
564024,4/15/2015,1229,Flash Flood,0,0,MS,CST-6,Emergency Manager,Heavy Rain,N,E,(GPT)GULFPORT RGNL A,NUGENT,30.4,-89.07,30.4683,-89.0847
564001,4/14/2015,1123,Flash Flood,0,0,MS,CST-6,Law Enforcement,Heavy Rain,NE,SSW,NICHOLSON,LA ROW,30.4978,-89.6776,30.5523,-89.6285
563988,4/14/2015,900,Flash Flood,0,0,MS,CST-6,Emergency Manager,Heavy Rain,N,W,OZONA,PICAYUNE,30.58,-89.67,30.5316,-89.6896
565852,4/12/2015,2220,Flash Flood,0,5000,FL,CST-6,Emergency Manager,Heavy Rain,NW,NNW,COMPASS LAKE,COMPASS LAKE,30.5985,-85.397,30.5996,-85.3972
565877,4/12/2015,2220,Flash Flood,0,5000,FL,CST-6,Emergency Manager,Heavy Rain,NW,SSW,ROUND LAKE,ALFORD,30.6597,-85.3954,30.6717,-85.3972
565874,4/12/2015,2220,Flash Flood,0,0,FL,CST-6,Emergency Manager,Heavy Rain,NNW,WNW,ROUND LAKE,KYNESVILLE,30.6648,-85.3903,30.7347,-85.365
565851,4/12/2015,2220,Flash Flood,0,5000,FL,CST-6,Emergency Manager,Heavy Rain,W,WSW,SIMSVILLE,SIMSVILLE,30.6681,-85.2401,30.668,-85.2311
565873,4/12/2015,2220,Flash Flood,0,5000,FL,CST-6,Emergency Manager,Heavy Rain,WSW,W,SIMSVILLE,SIMSVILLE,30.6698,-85.2026,30.6853,-85.2512
565876,4/12/2015,2220,Flash Flood,0,5000,FL,CST-6,Emergency Manager,Heavy Rain,SSE,SE,KYNESVILLE,KYNESVILLE,30.6771,-85.3111,30.6822,-85.2714
565860,4/12/2015,2220,Flash Flood,0,10000,FL,CST-6,Emergency Manager,Heavy Rain,W,W,SIMSVILLE,SIMSVILLE,30.6784,-85.2128,30.6785,-85.2037
565654,4/16/2015,900,Flash Flood,0,2000,FL,CST-6,County Official,Heavy Rain,NE,NNE,INWOOD,INWOOD,30.7113,-84.9611,30.7365,-84.9612
565875,4/12/2015,2220,Flash Flood,0,5000,FL,CST-6,Emergency Manager,Heavy Rain,SE,ESE,STEELE CITY,STEELE CITY,30.7128,-85.3735,30.7144,-85.3603
565858,4/12/2015,2220,Flash Flood,0,5000,FL,CST-6,Emergency Manager,Heavy Rain,SE,SE,STEELE CITY,STEELE CITY,30.7157,-85.373,30.7081,-85.3706
565862,4/12/2015,2220,Flash Flood,0,5000,FL,CST-6,Emergency Manager,Heavy Rain,NNW,NNW,SIMSVILLE,SIMSVILLE,30.7162,-85.1946,30.7162,-85.1822
561341,4/16/2015,1645,Flash Flood,0,100000,TX,CST-6,Broadcast Media,Heavy Rain,ESE,ESE,HUNTSVILLE,HUNTSVILLE,30.7164,-95.5513,30.7097,-95.5511
565855,4/12/2015,2220,Flash Flood,0,5000,FL,CST-6,Emergency Manager,Heavy Rain,WNW,NW,STEELE CITY,STEELE CITY,30.7214,-85.3825,30.7214,-85.3815
565655,4/16/2015,900,Flash Flood,0,2000,FL,CST-6,County Official,Heavy Rain,WNW,NNW,SNEADS,INWOOD,30.7234,-84.9468,30.7261,-84.9772
565661,4/12/2015,1926,Flash Flood,0,2000,FL,CST-6,Broadcast Media,Heavy Rain,W,WNW,STEELE CITY,STEELE CITY,30.7244,-85.4158,30.7276,-85.4148
565652,4/16/2015,900,Flash Flood,0,2000,FL,CST-6,County Official,Heavy Rain,N,N,INWOOD,INWOOD,30.7598,-84.9618,30.7501,-84.9599
572605,4/14/2015,1030,Flash Flood,0,0,MS,CST-6,Emergency Manager,Heavy Rain,E,ENE,RAMSEY SPGS,RAMSEY SPGS,30.775,-88.8561,30.772,-88.9151
565657,4/12/2015,1820,Flash Flood,0,0,FL,CST-6,Law Enforcement,Heavy Rain,NNW,WNW,CHIPLEY,CHIPLEY,30.7881,-85.537,30.7877,-85.5768
565663,4/12/2015,1926,Flash Flood,0,2000,FL,CST-6,911 Call Center,Heavy Rain,W,N,COTTONDALE,COTTONDALE,30.797,-85.4149,30.8001,-85.3696
565664,4/12/2015,1926,Flash Flood,0,2000,FL,CST-6,911 Call Center,Heavy Rain,NNE,N,COTTONDALE,COTTONDALE,30.8221,-85.3613,30.8426,-85.3611
565662,4/12/2015,1926,Flash Flood,0,2000,FL,CST-6,Broadcast Media,Heavy Rain,NNE,NNE,COTTONDALE,COTTONDALE,30.8385,-85.3467,30.8411,-85.3503
566906,4/16/2015,1400,Flash Flood,0,0,LA,CST-6,Department of Highways,Heavy Rain,S,W,MANSURA,CENTER PT,31.0565,-92.0469,31.2997,-92.5804
572538,4/27/2015,500,Flash Flood,0,5000,TX,CST-6,Emergency Manager,Heavy Rain,S,SSE,BROWNDALE,BROWNDALE,31.1002,-93.9715,31.1051,-93.964
570676,4/1/2015,1712,Flash Flood,0,0,TX,CST-6,Law Enforcement,Heavy Rain,S,S,BRADY CURTIS RNCH AR,BRADY CURTIS RNCH AR,31.2941,-99.2282,31.2996,-99.2319
566904,4/16/2015,1343,Flash Flood,0,20000,LA,CST-6,Broadcast Media,Heavy Rain,SSW,ESE,WEIL,BIJOU,31.298,-92.577,31.0601,-92.0462
567193,4/19/2015,845,Flash Flood,0,10000,AL,CST-6,Emergency Manager,Heavy Rain,SW,WSW,LOWE ARMY HELIPORT,LOWE ARMY HELIPORT,31.34,-85.76,31.3391,-85.7692
567186,4/19/2015,742,Flash Flood,0,50000,AL,CST-6,Broadcast Media,Heavy Rain,N,NW,ENTERPRISE,ENTERPRISE,31.3634,-85.84,31.3507,-85.876
564810,4/27/2015,420,Flash Flood,0,0,TX,CST-6,State Official,Heavy Rain,NNE,SSW,DUNAGAN STATION,PROSSER,31.3701,-94.7743,31.3038,-94.764
569968,4/19/2015,845,Flash Flood,0,0,AL,CST-6,911 Call Center,Heavy Rain,N,NE,DEAN CHURCH RD,DEAN CHURCH RD,31.41,-85.65,31.4138,-85.6309
567194,4/19/2015,940,Flash Flood,0,10000,AL,CST-6,Emergency Manager,Heavy Rain,E,WSW,GOLDBERG FIELD,GOLDBERG FIELD,31.4107,-85.4458,31.4083,-85.4577
569967,4/19/2015,812,Flash Flood,0,0,AL,CST-6,911 Call Center,Heavy Rain,N,S,PLEASANT HILL,PLEASANT HILL,31.42,-85.67,31.4129,-85.6697
569973,4/19/2015,845,Flash Flood,0,0,AL,CST-6,911 Call Center,Heavy Rain,SE,NNE,OZARK,OZARK,31.434,-85.6307,31.4542,-85.6307
569969,4/19/2015,845,Flash Flood,0,0,AL,CST-6,911 Call Center,Heavy Rain,W,W,OZARK,OZARK,31.44,-85.65,31.4404,-85.6468
569970,4/19/2015,845,Flash Flood,0,0,AL,CST-6,911 Call Center,Heavy Rain,NNW,NNW,OZARK,OZARK,31.4505,-85.6462,31.4507,-85.6434
570746,4/17/2015,1116,Flash Flood,0,0,TX,CST-6,Law Enforcement,Heavy Rain,SE,WSW,SAN ANGELO RES,SAN ANGELO,31.4608,-100.4683,31.4599,-100.468
569971,4/19/2015,845,Flash Flood,0,0,AL,CST-6,911 Call Center,Heavy Rain,ESE,SE,DALE COUNTY LAKE,DALE COUNTY LAKE,31.47,-85.61,31.4715,-85.6203
567195,4/19/2015,845,Flash Flood,0,10000,AL,CST-6,Emergency Manager,Heavy Rain,SW,WSW,BEAMON,BEAMON,31.49,-85.6,31.5048,-85.5991
569972,4/19/2015,845,Flash Flood,0,0,AL,CST-6,911 Call Center,Heavy Rain,SW,SSW,DILL,DILL,31.5,-85.66,31.501,-85.6551
567191,4/19/2015,930,Flash Flood,0,0,AL,CST-6,Public,Heavy Rain,SW,SW,MURPHY STATION,MURPHY STATION,31.52,-85.31,31.5254,-85.3088
567196,4/19/2015,845,Flash Flood,0,10000,AL,CST-6,Emergency Manager,Heavy Rain,ENE,N,SKIPPERVILLE,WARD BRIDGE,31.5604,-85.5018,31.5209,-85.4911
567192,4/19/2015,1000,Flash Flood,0,0,AL,CST-6,Social Media,Heavy Rain,N,NW,ABBEVILLE,ABBEVILLE,31.6034,-85.25,31.5907,-85.286
564812,4/27/2015,426,Flash Flood,0,0,TX,CST-6,State Official,Heavy Rain,SSE,SSE,NAT,NAT,31.6629,-94.8075,31.6551,-94.8069
564805,4/27/2015,352,Flash Flood,0,0,TX,CST-6,State Official,Heavy Rain,S,W,RUSK,ALTO,31.7586,-95.154,31.6477,-95.1086
568042,4/12/2015,1830,Flash Flood,0,0,TX,CST-6,Social Media,Heavy Rain,WSW,ENE,ODESSA,ODESSA,31.8481,-102.3744,31.8508,-102.3658
570549,4/16/2015,2300,Flash Flood,0,1200000,AL,CST-6,Emergency Manager,Heavy Rain,ENE,S,WATER VLY,WIMBERLY,31.8962,-88.35,31.9018,-88.2714
568041,4/12/2015,1809,Flash Flood,0,0,TX,CST-6,NWS Employee,Heavy Rain,WSW,SW,MIDLAND,MIDLAND,31.9711,-102.132,31.9664,-102.1293
560778,4/9/2015,1906,Flash Flood,0,0,TX,CST-6,Emergency Manager,Heavy Rain,WNW,W,PRICE,PRICE,32.1351,-94.955,32.1289,-94.9475
561018,4/18/2015,2245,Flash Flood,0,10000,TX,CST-6,Emergency Manager,Heavy Rain,ENE,SSE,OLD LONDON,NEW LONDON,32.2324,-94.9394,32.2358,-94.9255
561020,4/18/2015,2305,Flash Flood,0,0,TX,CST-6,Law Enforcement,Heavy Rain,ESE,S,GALILEE,(TYR)TYLER POUNDS FL,32.2625,-95.3912,32.3081,-95.3905
570760,4/17/2015,1432,Flash Flood,0,0,TX,CST-6,Public,Heavy Rain,N,N,WYLIE,WYLIE,32.3917,-99.7723,32.3889,-99.7712
572888,4/26/2015,2330,Flash Flood,0,250000,TX,CST-6,Broadcast Media,Heavy Rain,SE,NW,LONE ELM,SERVICE,32.3997,-96.8967,32.4571,-96.8568
568048,4/13/2015,1415,Flash Flood,0,0,TX,CST-6,Law Enforcement,Heavy Rain,NNW,SW,COAHOMA,VINCENT,32.4,-101.33,32.4161,-101.3377
568053,4/13/2015,1515,Flash Flood,0,0,TX,CST-6,Public,Heavy Rain,N,N,COLORADO CITY,COLORADO CITY,32.4,-100.85,32.4213,-100.8476
570758,4/17/2015,1321,Flash Flood,0,0,TX,CST-6,Public,Heavy Rain,N,N,WYLIE,WYLIE,32.4121,-99.7766,32.4093,-99.7759
570754,4/17/2015,1218,Flash Flood,0,0,TX,CST-6,Public,Heavy Rain,SW,SW,ABILENE,ABILENE,32.4306,-99.7566,32.428,-99.7567
570644,4/26/2015,2157,Flash Flood,0,100000,TX,CST-6,Social Media,Heavy Rain,NNE,E,VENUS,GRANDVIEW,32.4878,-97.0934,32.2766,-97.0857
571000,4/16/2015,1910,Flash Flood,0,20000,TX,CST-6,Emergency Manager,Heavy Rain,NNE,NE,VAN,VAN,32.5429,-95.6335,32.5476,-95.6185
568051,4/13/2015,1308,Flash Flood,0,1500,TX,CST-6,Law Enforcement,Heavy Rain,S,SSW,EVELENA,PUNKIN CENTER,32.5797,-102.074,32.8175,-102.0685
570645,4/26/2015,2218,Flash Flood,0,20000,TX,CST-6,Law Enforcement,Heavy Rain,E,E,SANTO,GORDON,32.5961,-98.191,32.5457,-98.3318
570646,4/26/2015,2229,Flash Flood,0,10000,TX,CST-6,Trained Spotter,Heavy Rain,NE,SSE,LONE CAMP,BRAZOS,32.7158,-98.2439,32.5725,-98.0777
573314,4/13/2015,840,Flash Flood,0,1000,TX,CST-6,Broadcast Media,Heavy Rain,WSW,WSW,FT WORTH,FT WORTH,32.7387,-97.3946,32.7374,-97.3832
568956,4/13/2015,1535,Flash Flood,0,0,TX,CST-6,Law Enforcement,Heavy Rain,WNW,SSE,LAMESA,LAMESA JOHNSON ARPT,32.7478,-101.983,32.7567,-101.9452
570499,4/24/2015,1800,Flash Flood,0,0,TX,CST-6,Public,Heavy Rain,SW,NE,HURST,ED PIT,32.8001,-97.1801,32.8098,-97.1034
570360,4/18/2015,1730,Flash Flood,0,8000,TX,CST-6,Law Enforcement,Heavy Rain,W,W,MINERAL WELLS,MINERAL WELLS,32.81,-98.19,32.8121,-98.1832
568050,4/13/2015,1153,Flash Flood,0,0,TX,CST-6,Law Enforcement,Heavy Rain,SW,NW,SEAGRAVES,SEAGRAVES ARPT,32.857,-102.6563,33.0525,-102.6892
573311,4/13/2015,830,Flash Flood,0,500,TX,CST-6,Public,Heavy Rain,NW,NW,FT WORTH SAGINAW ARP,FT WORTH SAGINAW ARP,32.8754,-97.3874,32.8746,-97.3871
568957,4/13/2015,1538,Flash Flood,0,0,TX,CST-6,Law Enforcement,Heavy Rain,N,W,SEAGRAVES,SEAGRAVES ARPT,32.93,-102.55,32.9501,-102.5503
573326,4/13/2015,920,Flash Flood,0,1000,TX,CST-6,Emergency Manager,Heavy Rain,SE,SE,BARTONVILLE,BARTONVILLE,33.0492,-97.0928,33.0482,-97.0929
564865,4/16/2015,1515,Flash Flood,0,10000,MS,CST-6,Law Enforcement,Heavy Rain,E,E,TCHULA,TCHULA,33.18,-90.22,33.1793,-90.221
574726,4/13/2015,920,Flash Flood,0,1000,TX,CST-6,Newspaper,Heavy Rain,N,ENE,DENTON,DENTON,33.2303,-97.1503,33.2328,-97.1235
574317,4/24/2015,1130,Flash Flood,0,80000,TX,CST-6,Newspaper,Heavy Rain,NW,SW,BOLIVAR,JUSTIN,33.4252,-97.3478,33.0011,-97.4079
570501,4/24/2015,1800,Flash Flood,0,80000,TX,CST-6,Law Enforcement,Heavy Rain,NW,SW,BOLIVAR,JUSTIN,33.4252,-97.3478,33.0011,-97.4079
573603,4/13/2015,1000,Flash Flood,0,1000,TX,CST-6,Trained Spotter,Heavy Rain,SSW,SSW,ETHEL,ETHEL,33.5051,-96.8693,33.4975,-96.8697
564837,4/14/2015,1424,Flash Flood,0,250000,MS,CST-6,Emergency Manager,Heavy Rain,SE,NE,FLYNN,FLYNN,33.5164,-88.4371,33.5388,-88.442
565469,4/24/2015,2300,Flash Flood,0,10000,AR,CST-6,Emergency Manager,Heavy Rain,WNW,N,DERMOTT,DERMOTT,33.5251,-91.4519,33.5374,-91.431
565135,4/9/2015,2200,Flash Flood,0,7000,AR,CST-6,Emergency Manager,Heavy Rain,NNW,W,DERMOTT,DERMOTT,33.5394,-91.4452,33.5225,-91.4461
573599,4/13/2015,850,Flash Flood,0,1000,TX,CST-6,Emergency Manager,Heavy Rain,SW,SSW,HOPE,HOPE,33.5825,-97.1117,33.5841,-97.108
573448,4/24/2015,2325,Flash Flood,0,0,AR,CST-6,Emergency Manager,Heavy Rain,NNE,NNW,STATE SCHOOL,MONTICELLO MUNI ARPT,33.5869,-91.7777,33.6616,-91.7736
573446,4/24/2015,2230,Flash Flood,0,0,AR,CST-6,Law Enforcement,Heavy Rain,NNW,ENE,CAMDEN,KENT,33.5975,-92.8389,33.6311,-92.8165
569829,4/9/2015,2000,Flash Flood,0,0,AR,CST-6,Emergency Manager,Heavy Rain,S,ENE,MONTICELLO MUNI ARPT,STATE SCHOOL,33.61,-91.75,33.5963,-91.7479
573325,4/13/2015,850,Flash Flood,0,1000,TX,CST-6,Law Enforcement,Heavy Rain,N,NW,GAINESVILLE,GAINESVILLE,33.63,-97.15,33.6323,-97.1522
570476,4/24/2015,1624,Flash Flood,0,0,TX,CST-6,Emergency Manager,Heavy Rain,N,N,SHERMAN,SHERMAN MUNI ARPT,33.63,-96.57,33.6538,-96.576
572945,4/24/2015,1540,Flash Flood,0,5000,TX,CST-6,Trained Spotter,Heavy Rain,NNW,NNW,DENISON,DENISON,33.7606,-96.5572,33.7597,-96.5572
570500,4/24/2015,1830,Flash Flood,0,2000,TX,CST-6,Emergency Manager,Heavy Rain,N,NNW,RED BRANCH,LAKE TEXHOMA EAST,33.9446,-96.9241,33.914,-96.6385
572074,4/25/2015,130,Flash Flood,0,20000,MS,CST-6,Emergency Manager,Heavy Rain,NW,NW,TAYLOR,TAYLOR,34.2834,-89.6158,34.2795,-89.6098
572073,4/25/2015,100,Flash Flood,1,50000,MS,CST-6,Emergency Manager,Heavy Rain,N,ESE,BATESVILLE,CENTRAL ACADEMY,34.32,-89.95,34.2981,-89.7645
568872,4/23/2015,1615,Flash Flood,0,0,CA,PST-8,Law Enforcement,Heavy Rain,ESE,SE,WILSONIA,WILSONIA,34.5807,-117.689,34.5691,-117.6962
571827,4/13/2015,1200,Flash Flood,0,0,OK,CST-6,Law Enforcement,Heavy Rain,WSW,SSW,HARTSHORNE,HAILEYVILLE,34.8023,-95.6114,34.8347,-95.5776
571832,4/13/2015,1230,Flash Flood,0,25000,OK,CST-6,Public,Heavy Rain,SW,WSW,BACHE,BACHE,34.8595,-95.655,34.87,-95.6547
567119,4/19/2015,1815,Flash Flood,0,10000,SC,EST-5,River/Stream Gage,Heavy Rain,E,SW,OGDEN,NEWPORT,34.869,-81.084,34.962,-81.115
571841,4/13/2015,1530,Flash Flood,0,0,OK,CST-6,Public,Heavy Rain,N,W,HEAVENER,HEAVENER,34.88,-94.6,34.8819,-94.612
571840,4/13/2015,1500,Flash Flood,0,0,OK,CST-6,Public,Heavy Rain,W,W,(MLC)MC ALESTER MUNI,(MLC)MC ALESTER MUNI,34.8844,-95.8143,34.8825,-95.814
571837,4/13/2015,1330,Flash Flood,0,0,OK,CST-6,Public,Heavy Rain,WSW,WNW,MC ALESTER,(MLC)MC ALESTER MUNI,34.8968,-95.8678,34.9096,-95.849
571838,4/13/2015,1400,Flash Flood,0,0,OK,CST-6,Public,Heavy Rain,NW,WNW,HAYWOOD,WHITE SWITCH,34.9312,-96.0124,34.8814,-96.0075
571846,4/13/2015,1802,Flash Flood,0,0,AR,CST-6,Public,Heavy Rain,SE,SSE,PRAIRIE CREEK,PRAIRIE CREEK,35.039,-94.3302,35.0334,-94.3367
571836,4/13/2015,1241,Flash Flood,0,0,OK,CST-6,Emergency Manager,Heavy Rain,W,S,POTEAU,POTEAU,35.0505,-94.6348,35.0408,-94.6179
571843,4/13/2015,1540,Flash Flood,0,0,OK,CST-6,Public,Heavy Rain,NNW,NE,POTEAU,SORRELS,35.0712,-94.6306,35.0393,-94.6407
567124,4/19/2015,1825,Flash Flood,0,10000,NC,EST-5,Law Enforcement,Heavy Rain,E,W,STONEHAVEN,THOMASBORO,35.172,-80.745,35.247,-80.921
571844,4/13/2015,1753,Flash Flood,0,0,AR,CST-6,Law Enforcement,Heavy Rain,N,S,CHARLESTON,CHARLESTON,35.3,-94.03,35.2906,-94.0312
570117,4/19/2015,2000,Flash Flood,0,1000,NC,EST-5,River/Stream Gage,Heavy Rain,W,N,HAHN,HAHN,35.318,-80.737,35.329,-80.721
569269,4/13/2015,1930,Flash Flood,0,0,TN,CST-6,Broadcast Media,Heavy Rain,WNW,SW,MADGE,ELLENDALE,35.3885,-89.7123,35.2177,-89.8421
569249,4/13/2015,1850,Flash Flood,0,0,TN,CST-6,Law Enforcement,Heavy Rain,N,SE,ATOKA,IDAVILLE,35.43,-89.78,35.4214,-89.7056
571842,4/13/2015,1530,Flash Flood,0,0,OK,CST-6,Public,Heavy Rain,ENE,E,MULDROW,MULDROW,35.4311,-94.5672,35.4159,-94.5641
569832,4/9/2015,2130,Flash Flood,0,0,AR,CST-6,Emergency Manager,Heavy Rain,SW,WNW,HEBER SPGS,HEBER SPGS,35.4974,-92.0328,35.5007,-92.0316
571845,4/13/2015,1753,Flash Flood,0,0,AR,CST-6,County Official,Heavy Rain,N,N,MULBERRY,MULBERRY,35.529,-94.05,35.5275,-94.0481
569831,4/9/2015,2130,Flash Flood,0,0,AR,CST-6,Emergency Manager,Heavy Rain,N,E,BROWNSVILLE,BROWNSVILLE,35.6,-92.07,35.6011,-92.0598
566202,4/9/2015,1945,Flash Flood,0,20000,NC,EST-5,Broadcast Media,Heavy Rain,SE,ESE,HOLLY SPGS,HOLLY SPGS,35.64,-78.84,35.6462,-78.832
570335,4/15/2015,2100,Flash Flood,0,0,TN,CST-6,Emergency Manager,Heavy Rain,ENE,W,BROADWAY,LAW,35.6791,-88.4303,35.6802,-88.374
566203,4/9/2015,2024,Flash Flood,0,5000,NC,EST-5,Law Enforcement,Heavy Rain,WNW,NNW,NEWHILL,NEWHILL,35.6896,-78.949,35.6937,-78.9397
569300,4/13/2015,1100,Flash Flood,0,0,AR,CST-6,Law Enforcement,Heavy Rain,SE,ESE,JONESBORO,JONESBORO,35.8097,-90.6799,35.8237,-90.6805
565897,4/25/2015,1444,Flash Flood,0,1000,CA,PST-8,Park/Forest Service,Heavy Rain,W,W,SHOSHONE ARPT,SHOSHONE,35.9259,-116.6734,35.9781,-116.4056
567126,4/19/2015,1650,Flash Flood,0,2000,NC,EST-5,911 Call Center,Heavy Rain,SSW,S,CROSSNORE,CROSSNORE,36.001,-81.94,36.017,-81.93
568058,4/19/2015,1740,Flash Flood,0,0,NC,EST-5,Department of Highways,Heavy Rain,SW,SSW,BOONE BLWNG RCK ARPT,BOONE BLWNG RCK ARPT,36.1931,-81.6366,36.1929,-81.6348
560804,4/17/2015,2100,Flash Flood,0,0,AR,CST-6,Emergency Manager,Heavy Rain,SSW,WNW,BELLA VISTA,BENTONVILLE,36.4012,-94.2389,36.3871,-94.2521
570548,4/19/2015,2030,Flash Flood,0,0,VA,EST-5,State Official,Heavy Rain,WNW,WNW,CANA,CANA,36.596,-80.719,36.5959,-80.719
568600,4/3/2015,200,Flash Flood,1,20000,MO,CST-6,Broadcast Media,Heavy Rain,N,W,QULIN,QULIN,36.6,-90.27,36.602,-90.2924
570552,4/19/2015,1800,Flash Flood,0,0,VA,EST-5,State Official,Heavy Rain,ESE,SSE,REAVISTOWN,OLDTOWN,36.6069,-80.9251,36.6227,-80.9329
561898,4/3/2015,348,Flash Flood,0,0,MO,CST-6,Public,Heavy Rain,NW,NW,PT LOOKOUT ARPT,PT LOOKOUT ARPT,36.64,-93.2407,36.6404,-93.2407
561899,4/3/2015,410,Flash Flood,0,0,MO,CST-6,Emergency Manager,Heavy Rain,N,N,ABESVILLE,ABESVILLE,36.8419,-93.3728,36.8432,-93.3714
566414,4/7/2015,600,Flash Flood,0,0,CA,PST-8,Law Enforcement,Heavy Rain,S,S,AROMAS,AROMAS,36.855,-121.6345,36.8537,-121.6355
569347,4/7/2015,1028,Flash Flood,0,1000,KY,EST-5,Broadcast Media,Heavy Rain,N,NE,BOONE HGTS,BOONE HGTS,36.8605,-83.8512,36.857,-83.8423
569346,4/7/2015,910,Flash Flood,0,1000,KY,EST-5,Law Enforcement,Heavy Rain,WSW,NNW,BARBOURVILLE,BOONE HGTS,36.8685,-83.8859,36.8654,-83.8544
561895,4/3/2015,345,Flash Flood,0,0,MO,CST-6,Emergency Manager,Heavy Rain,SE,SE,CRANE,CRANE,36.8869,-93.5569,36.8876,-93.5559
561901,4/3/2015,555,Flash Flood,0,0,MO,CST-6,Emergency Manager,Heavy Rain,E,E,CRANE,CRANE,36.9,-93.56,36.8993,-93.5597
569343,4/7/2015,845,Flash Flood,0,1000,KY,EST-5,Emergency Manager,Heavy Rain,SW,NNW,CAMP GROUNDS,MOORE HILL,36.9531,-84.0894,36.9517,-84.0885
570708,4/20/2015,1712,Flash Flood,0,0,VA,EST-5,State Official,Heavy Rain,WNW,WNW,FT CHISWELL,FT CHISWELL,36.9593,-80.9537,36.959,-80.954
570707,4/20/2015,1700,Flash Flood,0,0,VA,EST-5,State Official,Heavy Rain,W,W,MAX MEADOWS,MAX MEADOWS,36.97,-80.9447,36.9701,-80.9438
561902,4/3/2015,650,Flash Flood,0,0,MO,CST-6,State Official,Heavy Rain,S,S,BOWERS MILL,BOWERS MILL,37.04,-94.05,37.0378,-94.0502
571904,4/25/2015,1545,Flash Flood,0,0,UT,MST-7,Park/Forest Service,Heavy Rain,SE,ENE,ZION LODGE,SPRINGDALE,37.2014,-112.8952,37.1883,-112.9621
569325,4/3/2015,1100,Flash Flood,0,1000,KY,EST-5,Trained Spotter,Heavy Rain,NNE,NW,MOUSIE,MOUSIE,37.4467,-82.8661,37.4247,-82.885
566716,4/3/2015,900,Flash Flood,0,1000,KY,EST-5,Emergency Manager,Heavy Rain,ESE,NNE,PIKEVILLE,SHELBIANA,37.47,-82.5,37.449,-82.4929
566704,4/3/2015,807,Flash Flood,0,1000,KY,EST-5,State Official,Heavy Rain,SE,SE,CLOVER BOTTOM,CLOVER BOTTOM,37.48,-84.13,37.4879,-84.13
566707,4/3/2015,845,Flash Flood,0,1000,KY,EST-5,Department of Highways,Heavy Rain,E,E,BOONEVILLE,BOONEVILLE,37.48,-83.65,37.4798,-83.6591
566703,4/3/2015,757,Flash Flood,0,1000,KY,EST-5,Department of Highways,Heavy Rain,ESE,N,CLOVER BOTTOM,EGLON,37.49,-84.12,37.4796,-84.1189
566717,4/3/2015,900,Flash Flood,0,1000,KY,EST-5,Emergency Manager,Heavy Rain,SW,SSW,KIMPER,KIMPER,37.49,-82.36,37.4772,-82.3578
569329,4/3/2015,1100,Flash Flood,0,1000,KY,EST-5,Emergency Manager,Heavy Rain,NW,SSE,PIKEVILLE,MOSSY BOTTOM,37.5312,-82.5845,37.5261,-82.579
566685,4/3/2015,655,Flash Flood,0,1000,KY,EST-5,NWS Employee,Heavy Rain,NNE,NW,OAKDALE,OAKDALE,37.57,-83.51,37.5691,-83.5373
566699,4/3/2015,730,Flash Flood,0,1000,KY,EST-5,State Official,Heavy Rain,ESE,E,RISNER,RISNER,37.57,-82.83,37.5764,-82.8177
566673,4/3/2015,605,Flash Flood,0,1000,KY,EST-5,Trained Spotter,Heavy Rain,E,SSE,PRIMROSE,PRIMROSE,37.6,-83.61,37.5889,-83.6125
566683,4/3/2015,645,Flash Flood,0,1000,KY,EST-5,NWS Employee,Heavy Rain,E,NE,LAWSON,LAWSON,37.6,-83.46,37.6061,-83.4631
566661,4/3/2015,525,Flash Flood,0,1000,KY,EST-5,NWS Employee,Heavy Rain,E,ENE,BETHANY,BETHANY,37.65,-83.47,37.6545,-83.4682
566747,4/3/2015,830,Flash Flood,1,1000,KY,EST-5,Broadcast Media,Heavy Rain,SE,SE,CRYSTAL,SHADE,37.6598,-83.8171,37.6219,-83.8216
566664,4/3/2015,545,Flash Flood,0,1000,KY,EST-5,State Official,Heavy Rain,S,SSE,CRYSTAL,CRYSTAL,37.66,-83.83,37.66,-83.8258
566675,4/3/2015,630,Flash Flood,0,1000,KY,EST-5,NWS Employee,Heavy Rain,WSW,SSW,FORAKER,FORAKER,37.66,-83.15,37.6562,-83.1394
569334,4/3/2015,900,Flash Flood,0,1000,KY,EST-5,Law Enforcement,Heavy Rain,N,NW,PRESTONSBURG,CLIFF,37.67,-82.78,37.681,-82.7816
566663,4/3/2015,545,Flash Flood,0,1000,KY,EST-5,State Official,Heavy Rain,NE,NE,PRYSE,PRYSE,37.6892,-83.8588,37.6886,-83.8589
566698,4/3/2015,715,Flash Flood,0,1000,KY,EST-5,Trained Spotter,Heavy Rain,SE,E,BONANZA,BONANZA,37.69,-82.86,37.702,-82.8531
566706,4/3/2015,830,Flash Flood,0,1000,KY,EST-5,Trained Spotter,Heavy Rain,SE,SE,BONANZA,BONANZA,37.69,-82.86,37.695,-82.861
569336,4/7/2015,1910,Flash Flood,0,1000,KY,EST-5,Emergency Manager,Heavy Rain,N,E,RAVENNA,RAVENNA,37.69,-83.95,37.6803,-83.938
569338,4/7/2015,1959,Flash Flood,0,1000,KY,EST-5,Emergency Manager,Heavy Rain,ENE,NW,RAVENNA,MILLERS CREEK,37.69,-83.93,37.6864,-83.907
569335,4/7/2015,1850,Flash Flood,0,1000,KY,EST-5,Emergency Manager,Heavy Rain,N,SSE,IRVINE,SOUTH IRVINE,37.7,-83.97,37.6681,-83.9754
569337,4/7/2015,1944,Flash Flood,0,1000,KY,EST-5,Emergency Manager,Heavy Rain,N,NE,IRVINE,STATION CAMP,37.7,-83.97,37.6627,-83.9637
566701,4/3/2015,750,Flash Flood,0,1000,KY,EST-5,Emergency Manager,Heavy Rain,N,N,IRVINE,IRVINE,37.71,-83.97,37.7072,-83.9716
568495,4/3/2015,50,Flash Flood,0,0,IL,CST-6,Broadcast Media,Heavy Rain,W,N,CARBONDALE,CARBONDALE,37.72,-89.2566,37.749,-89.22
566666,4/3/2015,545,Flash Flood,0,1000,KY,EST-5,State Official,Heavy Rain,NE,NE,NORTH IRVINE,NORTH IRVINE,37.7374,-83.9628,37.7396,-83.9607
566700,4/3/2015,730,Flash Flood,0,1000,KY,EST-5,NWS Employee,Heavy Rain,N,NNW,LEE CITY,LEE CITY,37.74,-83.33,37.7475,-83.3348
566669,4/3/2015,545,Flash Flood,0,1000,KY,EST-5,Emergency Manager,Heavy Rain,S,S,NATURAL BRIDGE,NATURAL BRIDGE,37.77,-83.68,37.7749,-83.6803
588610,4/8/2015,1630,Flash Flood,0,0,MO,CST-6,Law Enforcement,Heavy Rain,SE,NE,MINNITH,MINNITH,37.7882,-90.039,37.8258,-90.0237
588607,4/8/2015,1550,Flash Flood,0,0,MO,CST-6,Law Enforcement,Heavy Rain,WNW,NNW,HURRYVILLE,OGBORN,37.8326,-90.482,37.8526,-90.4396
566660,4/3/2015,430,Flash Flood,0,1000,KY,EST-5,Emergency Manager,Heavy Rain,S,S,WALTERSVILLE,WALTERSVILLE,37.86,-83.93,37.8498,-83.935
580798,4/7/2015,1300,Flash Flood,0,0,MO,CST-6,Department of Highways,Heavy Rain,W,WNW,HOPEWELL,IRONDALE,37.8802,-90.7369,37.8386,-90.721
580793,4/7/2015,1230,Flash Flood,0,0,MO,CST-6,Trained Spotter,Heavy Rain,NW,N,BONNE TERRE ARPT,MINERAL CITY,37.9338,-90.5943,37.7449,-90.5356
588608,4/8/2015,1630,Flash Flood,0,0,MO,CST-6,Broadcast Media,Heavy Rain,N,W,POTOSI,SPRINGTOWN,37.95,-90.8,37.9274,-90.8051
558327,4/3/2015,1900,Flash Flood,0,225000,WV,EST-5,Social Media,Heavy Rain,N,W,JEFFREY,TWILIGHT,37.97,-81.82,37.92,-81.6384
558361,4/3/2015,1945,Flash Flood,0,10000,WV,EST-5,Public,Heavy Rain,N,SW,CHAPMANVILLE,BIG CREEK,37.98,-82.02,38,-82.05
580799,4/7/2015,1500,Flash Flood,0,0,MO,CST-6,Department of Highways,Heavy Rain,NNW,WSW,BLOOMSDALE,WHITESAUCE,38.0417,-90.2328,38.0157,-90.1675
566721,4/3/2015,1701,Flash Flood,0,1000,KY,EST-5,State Official,Heavy Rain,N,S,MT STERLING,MT STERLING,38.06,-83.95,38.0338,-83.9507
566727,4/3/2015,1708,Flash Flood,0,1000,KY,EST-5,NWS Employee,Heavy Rain,SSE,ESE,EWINGTON,MT STERLING,38.06,-83.89,38.0411,-83.9101
558325,4/3/2015,1815,Flash Flood,1,450000,WV,EST-5,Public,Heavy Rain,N,N,COVE GAP,GILKERSON,38.1,-82.25,38.2,-82.33
566719,4/3/2015,1630,Flash Flood,0,1000,KY,EST-5,Public,Heavy Rain,SW,SSW,SALT LICK,SALT LICK,38.11,-83.63,38.087,-83.6317
566720,4/3/2015,1658,Flash Flood,0,1000,KY,EST-5,State Official,Heavy Rain,SE,NNE,OWINGSVILLE,KENDALL SPGS,38.14,-83.76,38.1201,-83.7656
558324,4/3/2015,1745,Flash Flood,0,1000000,KY,EST-5,Emergency Manager,Heavy Rain,N,SSW,WEBBVILLE,MARTHA,38.18,-82.87,38,-82.92
566725,4/3/2015,1705,Flash Flood,0,1000,KY,EST-5,State Official,Heavy Rain,NW,W,MOREHEAD,BRADY,38.19,-83.44,38.1717,-83.4451
566726,4/3/2015,1708,Flash Flood,0,1000,KY,EST-5,State Official,Heavy Rain,N,NNW,BRUIN,BRUIN,38.19,-83.02,38.1856,-83.0245
558326,4/3/2015,1845,Flash Flood,0,400000,WV,EST-5,Emergency Manager,Heavy Rain,N,SW,BRANCHLAND,FOURTEEN,38.22,-82.2,38.0133,-82.2353
580792,4/7/2015,1210,Flash Flood,0,0,MO,CST-6,Department of Highways,Heavy Rain,NNW,WSW,SULPHUR SPGS,BARNHART,38.3383,-90.3849,38.3471,-90.4165
580035,4/7/2015,909,Flash Flood,0,0,MO,CST-6,Broadcast Media,Heavy Rain,S,SW,VILLA RIDGE,GRAY SUMMIT,38.436,-90.9002,38.4703,-90.8315
588615,4/8/2015,2025,Flash Flood,0,0,MO,CST-6,Emergency Manager,Heavy Rain,SE,N,PAULINA HILLS,PAULINA HILLS,38.4575,-90.4175,38.4914,-90.4292
565631,4/8/2015,1700,Flash Flood,0,0,KY,EST-5,Emergency Manager,Heavy Rain,NW,W,NEW,TRUESVILLE,38.47,-84.84,38.37,-84.84
579957,4/7/2015,815,Flash Flood,0,0,MO,CST-6,Public,Heavy Rain,SSE,NNE,DUTZOW,DUTZOW,38.5531,-90.9641,38.6636,-90.9689
580780,4/7/2015,930,Flash Flood,0,0,MO,CST-6,Trained Spotter,Heavy Rain,NNE,SW,FERN GLEN,ST LOUIS WEISS ARPT,38.5565,-90.5267,38.5078,-90.4831
560764,4/10/2015,630,Flash Flood,0,10000,OH,EST-5,Emergency Manager,Heavy Rain,SW,WSW,LANGSVILLE,BRADBURY,39.0295,-82.2064,39.0053,-82.1111
560772,4/10/2015,750,Flash Flood,0,20000,WV,EST-5,Public,Heavy Rain,N,N,WADEVILLE,ROCKPORT,39.15,-81.63,39.07,-81.57
559234,4/8/2015,2310,Flash Flood,0,2000,WV,EST-5,Trained Spotter,Heavy Rain,N,W,WEST MILFORD,WEST MILFORD,39.2,-80.4,39.2011,-80.4185
560762,4/10/2015,440,Flash Flood,0,10000,OH,EST-5,Law Enforcement,Heavy Rain,N,SSE,MC ARTHUR,MT PLEASANT,39.25,-82.48,39.3651,-82.4648
559240,4/9/2015,100,Flash Flood,0,0,WV,EST-5,911 Call Center,Heavy Rain,ENE,S,PENNSBORO,ELLENBORO,39.2853,-80.9506,39.2441,-81.0536
559233,4/8/2015,2215,Flash Flood,0,0,OH,EST-5,River/Stream Gage,Heavy Rain,W,WNW,WHIPPLE,WARNER,39.52,-81.4388,39.5757,-81.4412
560769,4/10/2015,745,Flash Flood,0,25000,WV,EST-5,Public,Heavy Rain,N,S,LONETREE,WICK,39.53,-80.82,39.4128,-80.98
570876,4/8/2015,800,Flash Flood,0,10000,IN,EST-5,Emergency Manager,Heavy Rain,E,ENE,MECCA,MECCA,39.7302,-87.3258,39.7315,-87.3265
569843,4/21/2015,100,Flash Flood,0,0,DE,EST-5,Law Enforcement,Heavy Rain,SSE,NE,WILMINGTON,DUNLEITH,39.736,-75.5199,39.7341,-75.517
560766,4/10/2015,650,Flash Flood,0,20000,OH,EST-5,Trained Spotter,Heavy Rain,N,E,ROSEVILLE,SALTILLO,39.8,-82.08,39.7964,-82.1166
560237,4/9/2015,1819,Flash Flood,0,5000,OH,EST-5,Law Enforcement,Heavy Rain,W,NW,LORE CITY,LORE CITY,39.98,-81.46,39.9834,-81.4547
560238,4/9/2015,1821,Flash Flood,0,5000,OH,EST-5,Law Enforcement,Heavy Rain,NW,WNW,OLD WASHINGTON,OLD WASHINGTON,40.0378,-81.4446,40.0386,-81.447
574666,4/9/2015,430,Flash Flood,0,0,IL,CST-6,Emergency Manager,Heavy Rain,NW,W,HILLERY,CATLIN,40.1871,-87.7236,40.0725,-87.7419
560251,4/9/2015,1930,Flash Flood,0,4000,OH,EST-5,Social Media,Heavy Rain,ENE,ENE,BOOTH,BOOTH,40.248,-81.5045,40.2487,-81.5019
560254,4/9/2015,1935,Flash Flood,0,15000,OH,EST-5,911 Call Center,Heavy Rain,SSW,SSW,FEED SPGS,FEED SPGS,40.3124,-81.2707,40.3118,-81.2708
560248,4/9/2015,1900,Flash Flood,0,3000,OH,EST-5,Social Media,Heavy Rain,SW,SW,NEWPORT,NEWPORT,40.34,-81.34,40.3409,-81.3389
560255,4/9/2015,2035,Flash Flood,0,10000,OH,EST-5,911 Call Center,Heavy Rain,NNE,NNE,FEED SPGS,FEED SPGS,40.3723,-81.2405,40.3715,-81.2403
560283,4/9/2015,1630,Flash Flood,0,15000,OH,EST-5,Emergency Manager,Heavy Rain,S,S,BOWERSTON,BOWERSTON,40.4149,-81.1783,40.4145,-81.1784
560236,4/9/2015,1615,Flash Flood,0,2000,OH,EST-5,911 Call Center,Heavy Rain,WSW,WSW,BOWERSTON,BOWERSTON,40.4286,-81.1881,40.4285,-81.1889
560253,4/9/2015,1930,Flash Flood,0,25000,OH,EST-5,911 Call Center,Heavy Rain,W,SW,BOWERSTON,BOWERSTON,40.4287,-81.1897,40.4251,-81.1873
560250,4/9/2015,1930,Flash Flood,0,150000,OH,EST-5,Emergency Manager,Heavy Rain,SSE,WSW,PALERMO,LAMARTINE,40.4603,-81.1393,40.4666,-81.1163
565379,4/9/2015,1608,Flash Flood,0,0,IA,CST-6,Trained Spotter,Heavy Rain,WSW,SW,CEDAR RAPIDS,CEDAR RAPIDS,41.9832,-91.6881,41.9608,-91.6854
